zone_id,feature_label,interpreted_feature,standard_feature,feature_group,HPS,HPS_class,LST_C,NDVI,NDBI,VEGETATION_DEFICIT,zone_overlap_fraction,feature_overlap_fraction,candidate_interventions,review_status
Z_131,FOUNTAIN,Water fountain,Water fountain,Water feature,44.46133640017318,Moderate,31.33868179287245,0.3923130464510456,0.0539655884178052,40.24547779347735,0.0201135674299572,0.9684916729702462,[],CANDIDATE_REVIEW
Z_131,"ROAD 100'-0"" W I D E (R.O.W)",Road,Road,Road,44.46133640017318,Moderate,31.33868179287245,0.3923130464510456,0.0539655884178052,40.24547779347735,0.0360572748865608,0.3113090873296668,[],CANDIDATE_REVIEW
Z_138,FOUNTAIN,Water fountain,Water fountain,Water feature,43.02345643491907,Moderate,31.56604514151108,0.4311397266890747,0.0236995181865474,34.39818049798103,0.0006543681867566,0.0315083270297551,[],CANDIDATE_REVIEW
Z_126,"R O A D 60'-0"" W I D E ( R . O . W )",Road,Road,Road,68.03198675208463,High,33.447358099730124,0.1812995684627626,0.0449474252506631,72.02410351140966,0.0353305015037393,0.387708719359564,[],CANDIDATE_REVIEW
Z_132,"R O A D 60'-0"" W I D E ( R . O . W )",Road,Road,Road,41.42171512758656,Moderate,30.96579064178667,0.3099275834047601,-0.0040217984896496,52.65272694033912,0.0425492701785335,0.4669219207586266,[],CANDIDATE_REVIEW
Z_133,"R O A D 60'-0"" W I D E ( R . O . W )",Road,Road,Road,55.24521995236668,High,32.91949037941807,0.3488321871939497,0.0019213448551513,46.79369435953987,0.008416503838839,0.0923599893021382,[],CANDIDATE_REVIEW
Z_139,"R O A D 60'-0"" W I D E ( R . O . W )",Road,Road,Road,45.70745859300813,Moderate,31.452601569512325,0.3220147487264677,0.013886287463848,50.83240007585964,0.0048306338185307,0.0530093705796862,[],CANDIDATE_REVIEW
Z_123,"ROAD 100'-0"" W I D E (R.O.W)",Road,Road,Road,49.76587536732382,Moderate,31.94625084037328,0.3186196398121397,0.0165810111821862,51.34370341291962,0.0210083665705418,0.1813822571760332,[],CANDIDATE_REVIEW
Z_124,"ROAD 100'-0"" W I D E (R.O.W)",Road,Road,Road,48.57623923094423,Moderate,31.78042511950861,0.3427112672255236,0.0339792831346085,47.71550478880936,0.0366101267340371,0.3160848988531879,[],CANDIDATE_REVIEW
Z_130,"ROAD 100'-0"" W I D E (R.O.W)",Road,Road,Road,45.119389384649466,Moderate,31.79052123149102,0.3573183229874625,-0.0186532495815495,45.515682472599806,0.0221484300930409,0.1912237566411119,[],CANDIDATE_REVIEW
Z_012,OPEN AREA,Open space,Open space,Open space,54.393317264048136,High,32.19234687839625,0.281283423477084,0.0401869091436132,56.96653687335554,0.0915387973867035,0.2707552075864268,[],CANDIDATE_REVIEW
Z_012,(GREEN),Green area or park,Green area or park,Green space,54.393317264048136,High,32.19234687839625,0.281283423477084,0.0401869091436132,56.96653687335554,0.0915387973867035,0.2707552075864268,"['strategic_vegetation', 'shade_structure', 'permeable_green_infrastructure']",CANDIDATE_REVIEW
Z_012,STAFF COLONY,Residence,Residence,Residential,54.393317264048136,High,32.19234687839625,0.281283423477084,0.0401869091436132,56.96653687335554,0.3625203971351412,0.312832839200647,[],CANDIDATE_REVIEW
Z_013,OPEN AREA,Open space,Open space,Open space,43.66386167985912,Moderate,31.747171026093486,0.3608963187419734,-0.0360977032615629,44.97683638093324,0.099721866908732,0.2949592473062731,[],CANDIDATE_REVIEW
Z_013,(GREEN),Green area or park,Green area or park,Green space,43.66386167985912,Moderate,31.747171026093486,0.3608963187419734,-0.0360977032615629,44.97683638093324,0.099721866908732,0.2949592473062731,"['strategic_vegetation', 'shade_structure', 'permeable_green_infrastructure']",CANDIDATE_REVIEW
Z_023,OPEN AREA,Open space,Open space,Open space,54.17706477305833,High,32.14726520567804,0.286111855545966,0.0456639932093104,56.23937509684582,0.0706289239573717,0.2089058436873257,[],CANDIDATE_REVIEW
Z_023,(GREEN),Green area or park,Green area or park,Green space,54.17706477305833,High,32.14726520567804,0.286111855545966,0.0456639932093104,56.23937509684582,0.0706289239573717,0.2089058436873257,"['strategic_vegetation', 'shade_structure', 'permeable_green_infrastructure']",CANDIDATE_REVIEW
Z_023,STAFF COLONY,Residence,Residence,Residential,54.17706477305833,High,32.14726520567804,0.286111855545966,0.0456639932093104,56.23937509684582,0.6449431236292682,0.5565416724258219,[],CANDIDATE_REVIEW
Z_024,OPEN AREA,Open space,Open space,Open space,39.55583978495786,Moderate,31.27361173230645,0.3626439695790967,-0.0434729602128829,44.713640198546976,0.0761985663576034,0.2253797014199742,[],CANDIDATE_REVIEW
Z_024,(GREEN),Green area or park,Green area or park,Green space,39.55583978495786,Moderate,31.27361173230645,0.3626439695790967,-0.0434729602128829,44.713640198546976,0.0761985663576034,0.2253797014199742,"['strategic_vegetation', 'shade_structure', 'permeable_green_infrastructure']",CANDIDATE_REVIEW
Z_024,(FUTURE EXTENSION),Proposed building,Proposed building,Building,39.55583978495786,Moderate,31.27361173230645,0.3626439695790967,-0.0434729602128829,44.713640198546976,0.0250427157313534,1.0,"['cool_roof', 'green_roof']",CANDIDATE_REVIEW
Z_024,PARK,Park or garden,Park or garden,Green space,39.55583978495786,Moderate,31.27361173230645,0.3626439695790967,-0.0434729602128829,44.713640198546976,0.0312986752152849,0.963667191036237,"['strategic_vegetation', 'shade_structure', 'permeable_green_infrastructure']",CANDIDATE_REVIEW
Z_011,STAFF COLONY,Residence,Residence,Residential,60.72546656575536,High,33.05591274551372,0.2763420649204555,0.0320278708232975,57.71070537674338,0.0003109092312465,0.0002682955726512,[],CANDIDATE_REVIEW
Z_022,STAFF COLONY,Residence,Residence,Residential,66.19901181473885,High,33.5362334400246,0.2764087298016974,0.0637794594302541,57.70066564691329,0.0022948960797955,0.0019803378864479,[],CANDIDATE_REVIEW
Z_034,STAFF COLONY,Residence,Residence,Residential,49.86377133050209,Moderate,32.15789949030329,0.3849464426397301,0.0337843109271489,41.35488818547654,0.0005998147895752,0.0005175947049775,[],CANDIDATE_REVIEW
Z_034,COMMERCIAL,Market,Market,Commercial,49.86377133050209,Moderate,32.15789949030329,0.3849464426397301,0.0337843109271489,41.35488818547654,0.0008061938444288,0.0068950032892424,[],CANDIDATE_REVIEW
Z_035,STAFF COLONY,Residence,Residence,Residential,37.62061547709135,Moderate,31.455001888065595,0.4147979903050133,-0.0674556627673513,36.85924568244775,0.1481697446328395,0.1278592602094541,[],CANDIDATE_REVIEW
Z_035,COMMERCIAL,Market,Market,Commercial,37.62061547709135,Moderate,31.455001888065595,0.4147979903050133,-0.0674556627673513,36.85924568244775,0.1161181658158616,0.9931049967107574,[],CANDIDATE_REVIEW
Z_005,DISPOSAL,Disposal station,Disposal station,Disposal facility,45.43530445007186,Moderate,31.898386861245427,0.3740756684690653,-0.0165128988835831,42.992026566053845,0.231337162493848,0.1978569251350052,[],CANDIDATE_REVIEW
Z_006,DISPOSAL,Disposal station,Disposal station,Disposal facility,38.13733107029732,Moderate,31.448656729815745,0.4188019902392745,-0.0548269135921729,36.25624336952165,0.2664357148842343,0.2278758446107605,[],CANDIDATE_REVIEW
Z_016,DISPOSAL,Disposal station,Disposal station,Disposal facility,45.17341171436897,Moderate,31.908173399133805,0.3838260551694122,-0.0159782284120833,41.52361851691188,0.3120399086955392,0.2668777553779668,[],CANDIDATE_REVIEW
Z_017,DISPOSAL,Disposal station,Disposal station,Disposal facility,46.44235481854364,Moderate,31.629302016078796,0.3325479308092227,0.0099922329544612,49.24610305721473,0.3594071882780745,0.3073894748762674,[],CANDIDATE_REVIEW
Z_027,CRICKET,Cricket ground,Cricket ground,Sports facility,42.64629241179839,Moderate,30.932742301466625,0.2526359744049496,-0.0160070373308537,61.28084215146412,0.2469884034760376,0.0637471654253719,[],CANDIDATE_REVIEW
Z_028,CRICKET,Cricket ground,Cricket ground,Sports facility,41.57375570591452,Moderate,31.329130306019668,0.3279836922395825,-0.03839194290994,49.93347729783079,0.2728751360501529,0.0704284743471685,[],CANDIDATE_REVIEW
Z_038,CRICKET,Cricket ground,Cricket ground,Sports facility,39.884125050624114,Moderate,30.96502031609837,0.299764141531997,-0.0377857648389658,54.1833410904856,0.0366881195456197,0.0094690443509279,[],CANDIDATE_REVIEW
Z_038,GROUND,Hockey ground or cricket ground,Hockey ground or cricket ground,Context-dependent,39.884125050624114,Moderate,30.96502031609837,0.299764141531997,-0.0377857648389658,54.1833410904856,0.1332854709898212,0.1170871228215227,[],CANDIDATE_REVIEW
Z_038,HOCKEY,Hockey ground,Hockey ground,Sports facility,39.884125050624114,Moderate,30.96502031609837,0.299764141531997,-0.0377857648389658,54.1833410904856,0.1332854709898212,0.1170871228215227,[],CANDIDATE_REVIEW
Z_039,CRICKET,Cricket ground,Cricket ground,Sports facility,41.96200153422397,Moderate,31.65361965680593,0.3120110599624632,-0.085948846281045,52.338955410906216,0.9828663703605712,0.2536735424776179,[],CANDIDATE_REVIEW
Z_040,CRICKET,Cricket ground,Cricket ground,Sports facility,41.63197835001094,Moderate,31.373415571741823,0.3424418556152798,-0.0337415902961721,47.756078172119445,0.992568481749241,0.2561776152994168,[],CANDIDATE_REVIEW
Z_041,CRICKET,Cricket ground,Cricket ground,Sports facility,40.43355919808501,Moderate,30.749406291352493,0.2689089483047118,-0.0194819343835974,58.83013259580747,0.091273598447345,0.0235573194393898,[],CANDIDATE_REVIEW
Z_050,CRICKET,Cricket ground,Cricket ground,Sports facility,36.201676269504446,Moderate,31.18331977586297,0.3244420224006987,-0.115812039691197,50.46685270730402,0.0072254118667043,0.0018648318970156,[],CANDIDATE_REVIEW
Z_051,CRICKET,Cricket ground,Cricket ground,Sports facility,45.07883988947808,Moderate,31.753970159585137,0.285072845294498,-0.062409185240375,56.39585002069087,0.5936112248508534,0.1532072035408134,[],CANDIDATE_REVIEW
Z_052,CRICKET,Cricket ground,Cricket ground,Sports facility,54.9218785019448,High,32.74069850403427,0.3182616305236387,5.069650187131149e-05,51.39761960486752,0.6297019274135222,0.1625219795793569,[],CANDIDATE_REVIEW
Z_053,CRICKET,Cricket ground,Cricket ground,Sports facility,41.62132277829797,Moderate,31.301209993730215,0.3106990378980207,-0.0452622264412249,52.53654590852313,0.0207398616099573,0.0053528236429211,[],CANDIDATE_REVIEW
Z_025,GROUND,Hockey ground or cricket ground,Hockey ground or cricket ground,Context-dependent,38.090376515406085,Moderate,31.28037523203934,0.3422593879807103,-0.0837689768452423,47.78355779436868,0.4910682681620741,0.4313917270414946,[],CANDIDATE_REVIEW
Z_025,HOCKEY,Hockey ground,Hockey ground,Sports facility,38.090376515406085,Moderate,31.28037523203934,0.3422593879807103,-0.0837689768452423,47.78355779436868,0.4910682681620741,0.4313917270414946,[],CANDIDATE_REVIEW
Z_026,GROUND,Hockey ground or cricket ground,Hockey ground or cricket ground,Context-dependent,35.210037710562666,Moderate,31.013377327980358,0.3297801087230799,-0.1068191583734196,49.66293701004047,0.2755673826002299,0.2420793539414297,[],CANDIDATE_REVIEW
Z_026,HOCKEY,Hockey ground,Hockey ground,Sports facility,35.210037710562666,Moderate,31.013377327980358,0.3297801087230799,-0.1068191583734196,49.66293701004047,0.2755673826002299,0.2420793539414297,[],CANDIDATE_REVIEW
Z_037,GROUND,Hockey ground or cricket ground,Hockey ground or cricket ground,Context-dependent,34.49562459827638,Moderate,31.08970940553283,0.3552547037479331,-0.1128061422223194,45.82646349029847,0.2384168965685899,0.2094417961955528,[],CANDIDATE_REVIEW
Z_037,HOCKEY,Hockey ground,Hockey ground,Sports facility,34.49562459827638,Moderate,31.08970940553283,0.3552547037479331,-0.1128061422223194,45.82646349029847,0.2384168965685899,0.2094417961955528,[],CANDIDATE_REVIEW
Z_036,PARK,Park or garden,Park or garden,Green space,36.96900163635151,Moderate,31.40206906122853,0.3670949775795777,-0.1034807074329923,44.04331847946387,0.0011800528951762,0.036332808963763,"['strategic_vegetation', 'shade_structure', 'permeable_green_infrastructure']",CANDIDATE_REVIEW
Z_128,EXHIBITION HALL,Hall,Hall,Hall,60.82520007060034,High,33.08998832717897,0.2781563307707236,0.0303923017796378,57.437476974661415,0.4259395675783021,0.5688845193977843,[],CANDIDATE_REVIEW
Z_129,EXHIBITION HALL,Hall,Hall,Hall,45.08375640593757,Moderate,32.601376183020605,0.3952283538501286,-0.1035529658447348,39.806432555365525,0.0714011285911971,0.0953632858166907,[],CANDIDATE_REVIEW
Z_135,EXHIBITION HALL,Hall,Hall,Hall,57.97197010963421,High,32.67637746113026,0.2797046810156689,0.0369243172773852,57.20429545761581,0.1427490384556198,0.190653904442453,[],CANDIDATE_REVIEW
Z_136,EXHIBITION HALL,Hall,Hall,Hall,49.085888765588045,Moderate,32.75825439129922,0.4027618941041778,-0.0491381367057806,38.671881538308206,0.1086400065517776,0.1450982903430718,[],CANDIDATE_REVIEW
Z_048,FACILITY,Building,Building,Building,34.57490495760075,Moderate,31.507630037241253,0.4551800768328487,-0.1014617909561807,30.777704229685693,0.0678100173516042,0.9095142281271124,"['cool_roof', 'green_roof']",CANDIDATE_REVIEW
Z_048,HOSTEL,Student hostel,Student hostel,Building,34.57490495760075,Moderate,31.507630037241253,0.4551800768328487,-0.1014617909561807,30.777704229685693,0.0678100173516042,0.9095142281271124,"['cool_roof', 'green_roof']",CANDIDATE_REVIEW
Z_060,FACILITY,Building,Building,Building,40.171487875234064,Moderate,31.59851843103197,0.3119544880518066,-0.1101289736831608,52.34747513956071,0.0067463407144772,0.0904857718728877,"['cool_roof', 'green_roof']",CANDIDATE_REVIEW
Z_060,HOSTEL,Student hostel,Student hostel,Building,40.171487875234064,Moderate,31.59851843103197,0.3119544880518066,-0.1101289736831608,52.34747513956071,0.0067463407144772,0.0904857718728877,"['cool_roof', 'green_roof']",CANDIDATE_REVIEW
