label_handle,label_text,candidate_handle,decision,decision_status,notes,source_register,feature_type,candidate_layer,candidate_entity_type,distance_drawing_units,batch_number,candidate_count
2F43E,,,Accepted Approximate,,Group with GARDEN label 2F43F; use approximate geometry.,workflow_07_batch_02_decisions.csv,Green space / landscape,,,,,
2F43F,,,Accepted Approximate,,Same feature as LANDSCAPE label 2F43E.,workflow_07_batch_02_decisions.csv,Green space / landscape,,,,,
2F441,,2F58C,Provisional Match,,Use this road segment; retain connected CAD geometry where needed.,workflow_07_batch_02_decisions.csv,Road,,,,,
2F799,,2F590,Provisional Match,,Separate road section; may connect to adjacent road entities.,workflow_07_batch_02_decisions.csv,Road,,,,,
2F907,,,Accepted Approximate,,Group with GREEN label 2F908; use nearby geometry approximately.,workflow_07_batch_02_decisions.csv,Green space / landscape,,,,,
2F908,,,Accepted Approximate,,Same feature as OPEN AREA label 2F907.,workflow_07_batch_02_decisions.csv,Green space / landscape,,,,,
2F909,,2F7BD,Provisional Match,,Closed candidate contains the label; accept approximate outline.,workflow_07_batch_02_decisions.csv,Green space / landscape,,,,,
2F90A,,2F7BD,Provisional Match,,Same feature as OPEN AREA label 2F909.,workflow_07_batch_02_decisions.csv,Green space / landscape,,,,,
2F90B,,2F7BF,Provisional Match,,Closed candidate contains the label; accept approximate outline.,workflow_07_batch_02_decisions.csv,Green space / landscape,,,,,
2F90C,,2F7BF,Provisional Match,,Same feature as OPEN AREA label 2F90B.,workflow_07_batch_02_decisions.csv,Green space / landscape,,,,,
2F90D,,2FF85,Provisional Match,,Future Extension: BUILDING-layer candidate at zero distance; provisional match.,workflow_07_batch_03_decisions.csv,Proposed university building,BUILDING,LWPOLYLINE,0.0,,3.0
2F90E,,2FF80,Needs Geometry Review,,Staff Colony is residential housing. Selected PLINTH is far from label; identify the housing area approximately in a later geometry pass.,workflow_07_batch_03_decisions.csv,Residential housing,PLINTH,LINE,3505.945,,3.0
2F90F,,2F7B5,Provisional Match,,Future Extension: candidate is on PLOTS layer; retain provisionally until grouped with relevant proposed-building geometry.,workflow_07_batch_03_decisions.csv,Proposed university building,PLOTS,LINE,155.095,,3.0
2F910,,2F7BE,Provisional Match,,Provisional: nearest suitable candidate; accept approximately,workflow_07_batch_03_decisions.csv,Road,ROAD,LWPOLYLINE,155.721,,3.0
2F911,,2F7A5,Provisional Match,,Provisional: nearest suitable candidate; accept approximately,workflow_07_batch_03_decisions.csv,Road,ROAD,LWPOLYLINE,155.721,,3.0
2F912,,2F7E4,Provisional Match,,Provisional: nearest suitable candidate; accept approximately,workflow_07_batch_03_decisions.csv,Road,ROAD,LWPOLYLINE,5.433,,3.0
2F913,,2F7A6,Provisional Match,,Provisional: nearest suitable candidate; accept approximately,workflow_07_batch_03_decisions.csv,Road,ROAD,LINE,137.311,,3.0
2F914,,2F7B0,Provisional Match,,Provisional: nearest suitable candidate; accept approximately,workflow_07_batch_03_decisions.csv,Road,ROAD,LWPOLYLINE,0.0,,3.0
2F915,,2F198,Provisional Match,,Provisional: nearest suitable candidate; accept approximately,workflow_07_batch_03_decisions.csv,Road,ROAD,LINE,54.156,,3.0
2F916,,2F418,Provisional Match,,Provisional: nearest suitable candidate; accept approximately,workflow_07_batch_03_decisions.csv,Road,ROAD,LINE,24.892,,3.0
2F917,CAR PARKING,2F8FC,,Provisional - geometry review required,Parking feature; verify extent against the CAD plan.,workflow_07_batch_04_decisions.csv,Car Parking,PARKING,LINE,96.18,,
2F918,CAR PARKING,309EC,,Provisional - geometry review required,Parking feature; verify extent against the CAD plan.,workflow_07_batch_04_decisions.csv,Car Parking,PARKING,LINE,111.624,,
2F919,BUS PARKING,2F59C,,Provisional - geometry review required,Parking feature; verify extent against the CAD plan.,workflow_07_batch_04_decisions.csv,Bus Parking,PARKING,LWPOLYLINE,485.849,,
2F988,LANDSCAPE,,,Uncertain - no suitable layer candidate,No candidate on an expected CAD layer.,Batches 05–09,Green Space / Landscape,,,,5.0,
2F989,GARDEN,,,Uncertain - no suitable layer candidate,No candidate on an expected CAD layer.,Batches 05–09,Green Space / Landscape,,,,5.0,
2F98A,LANDSCAPE,,,Uncertain - no suitable layer candidate,No candidate on an expected CAD layer.,Batches 05–09,Green Space / Landscape,,,,5.0,
2F98B,GARDEN,,,Uncertain - no suitable layer candidate,No candidate on an expected CAD layer.,Batches 05–09,Green Space / Landscape,,,,5.0,
2F995,"F O O T P A T H 20'-0"" W I D E",,,Uncertain - no suitable layer candidate,No candidate on an expected CAD layer.,Batches 05–09,Unclassified,,,,5.0,
2F996,"F O O T P A T H 20'-0"" W I D E",,,Uncertain - no suitable layer candidate,No candidate on an expected CAD layer.,Batches 05–09,Unclassified,,,,5.0,
2F997,"F O O T P A T H 20'-0"" W I D E",,,Uncertain - no suitable layer candidate,No candidate on an expected CAD layer.,Batches 05–09,Unclassified,,,,5.0,
2F998,"F O O T P A T H 20'-0"" W I D E",,,Uncertain - no suitable layer candidate,No candidate on an expected CAD layer.,Batches 05–09,Unclassified,,,,6.0,
2F999,"F O O T P A T H 20'-0"" W I D E",,,Uncertain - no suitable layer candidate,No candidate on an expected CAD layer.,Batches 05–09,Unclassified,,,,6.0,
2FB44,CAR PARKING,2FB3B,,Provisional - geometry review required,Candidate selected by expected CAD layer and proximity. Verify feature extent; one feature may span multiple entities.,Batches 05–09,Parking,PARKING,LINE,295.535,6.0,
2FC75,CAR PARKING,2FC73,,Provisional - geometry review required,Candidate selected by expected CAD layer and proximity. Verify feature extent; one feature may span multiple entities.,Batches 05–09,Parking,PARKING,LINE,16.914,6.0,
2FC85,CAR PARKING,2FC7B,,Provisional - geometry review required,Candidate selected by expected CAD layer and proximity. Verify feature extent; one feature may span multiple entities.,Batches 05–09,Parking,PARKING,LINE,15.981,6.0,
2FD29,CAR PARKING,2FD20,,Provisional - geometry review required,Candidate selected by expected CAD layer and proximity. Verify feature extent; one feature may span multiple entities.,Batches 05–09,Parking,PARKING,LINE,295.535,6.0,
2FD31,"F O O T P A T H 20'-0"" W I D E",,,Uncertain - no suitable layer candidate,No candidate on an expected CAD layer.,Batches 05–09,Unclassified,,,,6.0,
2FD35,"F O O T P A T H 20'-0"" W I D E",,,Uncertain - no suitable layer candidate,No candidate on an expected CAD layer.,Batches 05–09,Unclassified,,,,6.0,
2FD45,CAR PARKING,2FD43,,Provisional - geometry review required,Candidate selected by expected CAD layer and proximity. Verify feature extent; one feature may span multiple entities.,Batches 05–09,Parking,PARKING,LINE,16.191,6.0,
2FD55,CAR PARKING,2FD53,,Provisional - geometry review required,Candidate selected by expected CAD layer and proximity. Verify feature extent; one feature may span multiple entities.,Batches 05–09,Parking,PARKING,LINE,16.191,6.0,
2FD81,CAR PARKING,2FD7B,,Provisional - geometry review required,Candidate selected by expected CAD layer and proximity. Verify feature extent; one feature may span multiple entities.,Batches 05–09,Parking,PARKING,LINE,16.914,7.0,
2FD8E,"R O A D 60'-0"" W I D E ( R . O . W )",,,Uncertain - no suitable layer candidate,No candidate on an expected CAD layer.,Batches 05–09,Unclassified,,,,7.0,
2FEB3,CAR PARKING,2FEB1,,Provisional - geometry review required,Candidate selected by expected CAD layer and proximity. Verify feature extent; one feature may span multiple entities.,Batches 05–09,Parking,PARKING,LINE,87.139,7.0,
2FEC3,CAR PARKING,2FEC1,,Provisional - geometry review required,Candidate selected by expected CAD layer and proximity. Verify feature extent; one feature may span multiple entities.,Batches 05–09,Parking,PARKING,LINE,87.139,7.0,
2FED3,CAR PARKING,2FED1,,Provisional - geometry review required,Candidate selected by expected CAD layer and proximity. Verify feature extent; one feature may span multiple entities.,Batches 05–09,Parking,PARKING,LINE,16.191,7.0,
2FEE3,CAR PARKING,2FEE1,,Provisional - geometry review required,Candidate selected by expected CAD layer and proximity. Verify feature extent; one feature may span multiple entities.,Batches 05–09,Parking,PARKING,LINE,16.191,7.0,
2FF0C,CAR PARKING,2FF0A,,Provisional - geometry review required,Candidate selected by expected CAD layer and proximity. Verify feature extent; one feature may span multiple entities.,Batches 05–09,Parking,PARKING,LINE,16.191,7.0,
2FF1C,CAR PARKING,2FF1A,,Provisional - geometry review required,Candidate selected by expected CAD layer and proximity. Verify feature extent; one feature may span multiple entities.,Batches 05–09,Parking,PARKING,LINE,16.191,7.0,
2FF46,CAR PARKING,2FF44,,Provisional - geometry review required,Candidate selected by expected CAD layer and proximity. Verify feature extent; one feature may span multiple entities.,Batches 05–09,Parking,PARKING,LINE,87.139,7.0,
2FF56,CAR PARKING,2FF54,,Provisional - geometry review required,Candidate selected by expected CAD layer and proximity. Verify feature extent; one feature may span multiple entities.,Batches 05–09,Parking,PARKING,LINE,87.139,8.0,
2FF57,"F O O T P A T H 20'-0"" W I D E",,,Uncertain - no suitable layer candidate,No candidate on an expected CAD layer.,Batches 05–09,Unclassified,,,,8.0,
2FF97,CAR PARKING,2FF96,,Provisional - geometry review required,Candidate selected by expected CAD layer and proximity. Verify feature extent; one feature may span multiple entities.,Batches 05–09,Parking,PARKING,LINE,242.13,8.0,
2FFA3,PARK,,,Uncertain - no suitable layer candidate,No candidate on an expected CAD layer.,Batches 05–09,Unclassified,,,,8.0,
2FFA4,PARK,,,Uncertain - no suitable layer candidate,No candidate on an expected CAD layer.,Batches 05–09,Unclassified,,,,8.0,
2FFA5,(FUTURE EXTENSION),2FF75,,Provisional - geometry review required,Candidate selected by expected CAD layer and proximity. Verify feature extent; one feature may span multiple entities.,Batches 05–09,Building,BUILDING,LWPOLYLINE,0.0,8.0,
2FFBE,"R O A D 60'-0"" W I D E ( R . O . W )",,,Uncertain - no suitable layer candidate,No candidate on an expected CAD layer.,Batches 05–09,Unclassified,,,,8.0,
3004C,"R O A D 60'-0"" W I D E ( R . O . W )",,,Uncertain - no suitable layer candidate,No candidate on an expected CAD layer.,Batches 05–09,Unclassified,,,,8.0,
30055,LANDSCAPE,,,Uncertain - no suitable layer candidate,No candidate on an expected CAD layer.,Batches 05–09,Green Space / Landscape,,,,8.0,
30056,GARDEN,,,Uncertain - no suitable layer candidate,No candidate on an expected CAD layer.,Batches 05–09,Green Space / Landscape,,,,8.0,
30057,LANDSCAPE,,,Uncertain - no suitable layer candidate,No candidate on an expected CAD layer.,Batches 05–09,Green Space / Landscape,,,,9.0,
30058,GARDEN,,,Uncertain - no suitable layer candidate,No candidate on an expected CAD layer.,Batches 05–09,Green Space / Landscape,,,,9.0,
30A5A,CAR PARKING,30922,,Provisional - geometry review required,Candidate selected by expected CAD layer and proximity. Verify feature extent; one feature may span multiple entities.,Batches 05–09,Parking,PARKING,LINE,111.623,9.0,
32195,BUILDING,2FAB6,,Provisional - geometry review required,Candidate selected by expected CAD layer and proximity. Verify feature extent; one feature may span multiple entities.,Batches 05–09,Building,BUILDING,LWPOLYLINE,1440.78,9.0,
32196,BUILDING,2FA5F,,Provisional - geometry review required,Candidate selected by expected CAD layer and proximity. Verify feature extent; one feature may span multiple entities.,Batches 05–09,Building,BUILDING,LWPOLYLINE,2449.941,9.0,
2F42F,PLOT BOUNDRY,2F0F2,Accepted,Accepted,Confirmed,workflow_07_batch_01_final_decisions.csv,,,,,,
2F431,PLOT BOUNDRY,2F0E6,Accepted,Accepted,Confirmed,workflow_07_batch_01_final_decisions.csv,,,,,,
2F433,PLOT BOUNDRY,2F0E0,Accepted,Accepted,Confirmed,workflow_07_batch_01_final_decisions.csv,,,,,,
2F435,PLOT BOUNDRY,2F0F3,Accepted,Accepted,Confirmed,workflow_07_batch_01_final_decisions.csv,,,,,,
2F437,LANDSCAPE,,Accepted Approximate,Accepted Approximate,Combined with GARDEN; approximate boundary,workflow_07_batch_01_final_decisions.csv,,,,,,
2F438,GARDEN,,Accepted Approximate,Accepted Approximate,Same landscaped feature as LANDSCAPE,workflow_07_batch_01_final_decisions.csv,,,,,,
2F439,MAIN GATE,,Accepted Approximate,Accepted Approximate,User confirmed this represents the university entrance gate. Use approximate gate geometry; no detailed tracing required.,workflow_07_batch_01_final_decisions.csv,,,,,,
2F43A,FOUNTAIN,2F3F5,Accepted,Accepted,Confirmed,workflow_07_batch_01_final_decisions.csv,,,,,,
2F43B,ROAD 60',2F3E9,Accepted,Accepted,Confirmed,workflow_07_batch_01_final_decisions.csv,,,,,,
2F43C,ROAD 100',,Accepted Approximate,Accepted Approximate,Use relevant road segments at the other corners,workflow_07_batch_01_final_decisions.csv,,,,,,
