registry_record_id,label_handle,registry_label_text,label_text_source,candidate_handle,feature_type,candidate_layer,candidate_entity_type,distance_drawing_units,decision,decision_status,review_state,review_reason,notes,source_register,batch_number,candidate_count,original_label_text,label_text
W07-001,2F43E,LANDSCAPE,Previously recorded decision,,Green space / landscape,,,,Accepted Approximate,,APPROVED,Decision status missing,Group with GARDEN label 2F43F; use approximate geometry.,workflow_07_batch_02_decisions.csv,,,,
W07-002,2F43F,GARDEN,Previously recorded decision,,Green space / landscape,,,,Accepted Approximate,,APPROVED,Decision status missing,Same feature as LANDSCAPE label 2F43E.,workflow_07_batch_02_decisions.csv,,,,
W07-003,2F441,ROAD 60',Previously recorded decision,2F58C,Road,,,,Provisional Match,,APPROVED,Decision status missing,Use this road segment; retain connected CAD geometry where needed.,workflow_07_batch_02_decisions.csv,,,,
W07-004,2F799,ROAD 60',Previously recorded decision,2F590,Road,,,,Provisional Match,,APPROVED,Decision status missing,Separate road section; may connect to adjacent road entities.,workflow_07_batch_02_decisions.csv,,,,
W07-005,2F907,GREEN,Previously recorded decision,,Green space / landscape,,,,Accepted Approximate,,APPROVED,Decision status missing,Group with GREEN label 2F908; use nearby geometry approximately.,workflow_07_batch_02_decisions.csv,,,,
W07-006,2F908,OPEN AREA,Previously recorded decision,,Green space / landscape,,,,Accepted Approximate,,APPROVED,Decision status missing,Same feature as OPEN AREA label 2F907.,workflow_07_batch_02_decisions.csv,,,,
W07-007,2F909,GREEN,Previously recorded decision,2F7BD,Green space / landscape,,,,Provisional Match,,APPROVED,Decision status missing,Closed candidate contains the label; accept approximate outline.,workflow_07_batch_02_decisions.csv,,,,
W07-008,2F90A,OPEN AREA,Previously recorded decision,2F7BD,Green space / landscape,,,,Provisional Match,,APPROVED,Decision status missing,Same feature as OPEN AREA label 2F909.,workflow_07_batch_02_decisions.csv,,,,
W07-009,2F90B,GREEN,Previously recorded decision,2F7BF,Green space / landscape,,,,Provisional Match,,APPROVED,Decision status missing,Closed candidate contains the label; accept approximate outline.,workflow_07_batch_02_decisions.csv,,,,
W07-010,2F90C,OPEN AREA,Previously recorded decision,2F7BF,Green space / landscape,,,,Provisional Match,,APPROVED,Decision status missing,Same feature as OPEN AREA label 2F90B.,workflow_07_batch_02_decisions.csv,,,,
W07-011,2F90D,FUTURE EXTENSION,Previously recorded decision,2FF85,Proposed university building,BUILDING,LWPOLYLINE,0.0,Provisional Match,,APPROVED,Decision status missing,Future Extension: BUILDING-layer candidate at zero distance; provisional match.,workflow_07_batch_03_decisions.csv,,3.0,,
W07-012,2F90E,STAFF COLONY,Previously recorded decision,2FF80,Residential housing,PLINTH,LINE,3505.945,Needs Geometry Review,,APPROVED,Decision status missing; Geometry review required,Staff Colony is residential housing. Selected PLINTH is far from label; identify the housing area approximately in a later geometry pass.,workflow_07_batch_03_decisions.csv,,3.0,,
W07-013,2F90F,FUTURE EXTENSION,Previously recorded decision,2F7B5,Proposed university building,PLOTS,LINE,155.095,Provisional Match,,APPROVED,Decision status missing,Future Extension: candidate is on PLOTS layer; retain provisionally until grouped with relevant proposed-building geometry.,workflow_07_batch_03_decisions.csv,,3.0,,
W07-014,2F910,ROAD 40',Previously recorded decision,2F7BE,Road,ROAD,LWPOLYLINE,155.721,Provisional Match,,APPROVED,Decision status missing,Provisional: nearest suitable candidate; accept approximately,workflow_07_batch_03_decisions.csv,,3.0,,
W07-015,2F911,ROAD 40',Previously recorded decision,2F7A5,Road,ROAD,LWPOLYLINE,155.721,Provisional Match,,APPROVED,Decision status missing,Provisional: nearest suitable candidate; accept approximately,workflow_07_batch_03_decisions.csv,,3.0,,
W07-016,2F912,ROAD 40',Previously recorded decision,2F7E4,Road,ROAD,LWPOLYLINE,5.433,Provisional Match,,APPROVED,Decision status missing,Provisional: nearest suitable candidate; accept approximately,workflow_07_batch_03_decisions.csv,,3.0,,
W07-017,2F913,ROAD 40',Previously recorded decision,2F7A6,Road,ROAD,LINE,137.311,Provisional Match,,APPROVED,Decision status missing,Provisional: nearest suitable candidate; accept approximately,workflow_07_batch_03_decisions.csv,,3.0,,
W07-018,2F914,ROAD 60',Previously recorded decision,2F7B0,Road,ROAD,LWPOLYLINE,0.0,Provisional Match,,APPROVED,Decision status missing,Provisional: nearest suitable candidate; accept approximately,workflow_07_batch_03_decisions.csv,,3.0,,
W07-019,2F915,ROAD 60',Previously recorded decision,2F198,Road,ROAD,LINE,54.156,Provisional Match,,APPROVED,Decision status missing,Provisional: nearest suitable candidate; accept approximately,workflow_07_batch_03_decisions.csv,,3.0,,
W07-020,2F916,ROAD 60',Previously recorded decision,2F418,Road,ROAD,LINE,24.892,Provisional Match,,APPROVED,Decision status missing,Provisional: nearest suitable candidate; accept approximately,workflow_07_batch_03_decisions.csv,,3.0,,
W07-021,2F917,CAR PARKING,Existing register,2F8FC,Car Parking,PARKING,LINE,96.18,,Provisional - geometry review required,APPROVED,Decision missing; Geometry/association review required,Parking feature; verify extent against the CAD plan.,workflow_07_batch_04_decisions.csv,,,CAR PARKING,CAR PARKING
W07-022,2F918,CAR PARKING,Existing register,309EC,Car Parking,PARKING,LINE,111.624,,Provisional - geometry review required,APPROVED,Decision missing; Geometry/association review required,Parking feature; verify extent against the CAD plan.,workflow_07_batch_04_decisions.csv,,,CAR PARKING,CAR PARKING
W07-023,2F919,BUS PARKING,Existing register,2F59C,Bus Parking,PARKING,LWPOLYLINE,485.849,,Provisional - geometry review required,APPROVED,Decision missing; Geometry/association review required,Parking feature; verify extent against the CAD plan.,workflow_07_batch_04_decisions.csv,,,BUS PARKING,BUS PARKING
W07-024,2F988,LANDSCAPE,Existing register,,Green Space / Landscape,,,,,Uncertain - no suitable layer candidate,APPROVED,Decision missing; Geometry/association review required,No candidate on an expected CAD layer.,Batches 05–09,5,,LANDSCAPE,LANDSCAPE
W07-025,2F989,GARDEN,Existing register,,Green Space / Landscape,,,,,Uncertain - no suitable layer candidate,APPROVED,Decision missing; Geometry/association review required,No candidate on an expected CAD layer.,Batches 05–09,5,,GARDEN,GARDEN
W07-026,2F98A,LANDSCAPE,Existing register,,Green Space / Landscape,,,,,Uncertain - no suitable layer candidate,APPROVED,Decision missing; Geometry/association review required,No candidate on an expected CAD layer.,Batches 05–09,5,,LANDSCAPE,LANDSCAPE
W07-027,2F98B,GARDEN,Existing register,,Green Space / Landscape,,,,,Uncertain - no suitable layer candidate,APPROVED,Decision missing; Geometry/association review required,No candidate on an expected CAD layer.,Batches 05–09,5,,GARDEN,GARDEN
W07-028,2F995,"F O O T P A T H 20'-0"" W I D E",Existing register,,Unclassified,,,,,Uncertain - no suitable layer candidate,APPROVED,Decision missing; Geometry/association review required,No candidate on an expected CAD layer.,Batches 05–09,5,,"F O O T P A T H 20'-0"" W I D E","F O O T P A T H 20'-0"" W I D E"
W07-029,2F996,"F O O T P A T H 20'-0"" W I D E",Existing register,,Unclassified,,,,,Uncertain - no suitable layer candidate,APPROVED,Decision missing; Geometry/association review required,No candidate on an expected CAD layer.,Batches 05–09,5,,"F O O T P A T H 20'-0"" W I D E","F O O T P A T H 20'-0"" W I D E"
W07-030,2F997,"F O O T P A T H 20'-0"" W I D E",Existing register,,Unclassified,,,,,Uncertain - no suitable layer candidate,APPROVED,Decision missing; Geometry/association review required,No candidate on an expected CAD layer.,Batches 05–09,5,,"F O O T P A T H 20'-0"" W I D E","F O O T P A T H 20'-0"" W I D E"
W07-031,2F998,"F O O T P A T H 20'-0"" W I D E",Existing register,,Unclassified,,,,,Uncertain - no suitable layer candidate,APPROVED,Decision missing; Geometry/association review required,No candidate on an expected CAD layer.,Batches 05–09,6,,"F O O T P A T H 20'-0"" W I D E","F O O T P A T H 20'-0"" W I D E"
W07-032,2F999,"F O O T P A T H 20'-0"" W I D E",Existing register,,Unclassified,,,,,Uncertain - no suitable layer candidate,APPROVED,Decision missing; Geometry/association review required,No candidate on an expected CAD layer.,Batches 05–09,6,,"F O O T P A T H 20'-0"" W I D E","F O O T P A T H 20'-0"" W I D E"
W07-033,2FB44,CAR PARKING,Existing register,2FB3B,Parking,PARKING,LINE,295.535,,Provisional - geometry review required,APPROVED,Decision missing; Geometry/association review required,Candidate selected by expected CAD layer and proximity. Verify feature extent; one feature may span multiple entities.,Batches 05–09,6,,CAR PARKING,CAR PARKING
W07-034,2FC75,CAR PARKING,Existing register,2FC73,Parking,PARKING,LINE,16.914,,Provisional - geometry review required,APPROVED,Decision missing; Geometry/association review required,Candidate selected by expected CAD layer and proximity. Verify feature extent; one feature may span multiple entities.,Batches 05–09,6,,CAR PARKING,CAR PARKING
W07-035,2FC85,CAR PARKING,Existing register,2FC7B,Parking,PARKING,LINE,15.981,,Provisional - geometry review required,APPROVED,Decision missing; Geometry/association review required,Candidate selected by expected CAD layer and proximity. Verify feature extent; one feature may span multiple entities.,Batches 05–09,6,,CAR PARKING,CAR PARKING
W07-036,2FD29,CAR PARKING,Existing register,2FD20,Parking,PARKING,LINE,295.535,,Provisional - geometry review required,APPROVED,Decision missing; Geometry/association review required,Candidate selected by expected CAD layer and proximity. Verify feature extent; one feature may span multiple entities.,Batches 05–09,6,,CAR PARKING,CAR PARKING
W07-037,2FD31,"F O O T P A T H 20'-0"" W I D E",Existing register,,Unclassified,,,,,Uncertain - no suitable layer candidate,APPROVED,Decision missing; Geometry/association review required,No candidate on an expected CAD layer.,Batches 05–09,6,,"F O O T P A T H 20'-0"" W I D E","F O O T P A T H 20'-0"" W I D E"
W07-038,2FD35,"F O O T P A T H 20'-0"" W I D E",Existing register,,Unclassified,,,,,Uncertain - no suitable layer candidate,APPROVED,Decision missing; Geometry/association review required,No candidate on an expected CAD layer.,Batches 05–09,6,,"F O O T P A T H 20'-0"" W I D E","F O O T P A T H 20'-0"" W I D E"
W07-039,2FD45,CAR PARKING,Existing register,2FD43,Parking,PARKING,LINE,16.191,,Provisional - geometry review required,APPROVED,Decision missing; Geometry/association review required,Candidate selected by expected CAD layer and proximity. Verify feature extent; one feature may span multiple entities.,Batches 05–09,6,,CAR PARKING,CAR PARKING
W07-040,2FD55,CAR PARKING,Existing register,2FD53,Parking,PARKING,LINE,16.191,,Provisional - geometry review required,APPROVED,Decision missing; Geometry/association review required,Candidate selected by expected CAD layer and proximity. Verify feature extent; one feature may span multiple entities.,Batches 05–09,6,,CAR PARKING,CAR PARKING
W07-041,2FD81,CAR PARKING,Existing register,2FD7B,Parking,PARKING,LINE,16.914,,Provisional - geometry review required,APPROVED,Decision missing; Geometry/association review required,Candidate selected by expected CAD layer and proximity. Verify feature extent; one feature may span multiple entities.,Batches 05–09,7,,CAR PARKING,CAR PARKING
W07-042,2FD8E,"R O A D 60'-0"" W I D E ( R . O . W )",Existing register,,Unclassified,,,,,Uncertain - no suitable layer candidate,APPROVED,Decision missing; Geometry/association review required,No candidate on an expected CAD layer.,Batches 05–09,7,,"R O A D 60'-0"" W I D E ( R . O . W )","R O A D 60'-0"" W I D E ( R . O . W )"
W07-043,2FEB3,CAR PARKING,Existing register,2FEB1,Parking,PARKING,LINE,87.139,,Provisional - geometry review required,APPROVED,Decision missing; Geometry/association review required,Candidate selected by expected CAD layer and proximity. Verify feature extent; one feature may span multiple entities.,Batches 05–09,7,,CAR PARKING,CAR PARKING
W07-044,2FEC3,CAR PARKING,Existing register,2FEC1,Parking,PARKING,LINE,87.139,,Provisional - geometry review required,APPROVED,Decision missing; Geometry/association review required,Candidate selected by expected CAD layer and proximity. Verify feature extent; one feature may span multiple entities.,Batches 05–09,7,,CAR PARKING,CAR PARKING
W07-045,2FED3,CAR PARKING,Existing register,2FED1,Parking,PARKING,LINE,16.191,,Provisional - geometry review required,APPROVED,Decision missing; Geometry/association review required,Candidate selected by expected CAD layer and proximity. Verify feature extent; one feature may span multiple entities.,Batches 05–09,7,,CAR PARKING,CAR PARKING
W07-046,2FEE3,CAR PARKING,Existing register,2FEE1,Parking,PARKING,LINE,16.191,,Provisional - geometry review required,APPROVED,Decision missing; Geometry/association review required,Candidate selected by expected CAD layer and proximity. Verify feature extent; one feature may span multiple entities.,Batches 05–09,7,,CAR PARKING,CAR PARKING
W07-047,2FF0C,CAR PARKING,Existing register,2FF0A,Parking,PARKING,LINE,16.191,,Provisional - geometry review required,APPROVED,Decision missing; Geometry/association review required,Candidate selected by expected CAD layer and proximity. Verify feature extent; one feature may span multiple entities.,Batches 05–09,7,,CAR PARKING,CAR PARKING
W07-048,2FF1C,CAR PARKING,Existing register,2FF1A,Parking,PARKING,LINE,16.191,,Provisional - geometry review required,APPROVED,Decision missing; Geometry/association review required,Candidate selected by expected CAD layer and proximity. Verify feature extent; one feature may span multiple entities.,Batches 05–09,7,,CAR PARKING,CAR PARKING
W07-049,2FF46,CAR PARKING,Existing register,2FF44,Parking,PARKING,LINE,87.139,,Provisional - geometry review required,APPROVED,Decision missing; Geometry/association review required,Candidate selected by expected CAD layer and proximity. Verify feature extent; one feature may span multiple entities.,Batches 05–09,7,,CAR PARKING,CAR PARKING
W07-050,2FF56,CAR PARKING,Existing register,2FF54,Parking,PARKING,LINE,87.139,,Provisional - geometry review required,APPROVED,Decision missing; Geometry/association review required,Candidate selected by expected CAD layer and proximity. Verify feature extent; one feature may span multiple entities.,Batches 05–09,8,,CAR PARKING,CAR PARKING
W07-051,2FF57,"F O O T P A T H 20'-0"" W I D E",Existing register,,Unclassified,,,,,Uncertain - no suitable layer candidate,APPROVED,Decision missing; Geometry/association review required,No candidate on an expected CAD layer.,Batches 05–09,8,,"F O O T P A T H 20'-0"" W I D E","F O O T P A T H 20'-0"" W I D E"
W07-052,2FF97,CAR PARKING,Existing register,2FF96,Parking,PARKING,LINE,242.13,,Provisional - geometry review required,APPROVED,Decision missing; Geometry/association review required,Candidate selected by expected CAD layer and proximity. Verify feature extent; one feature may span multiple entities.,Batches 05–09,8,,CAR PARKING,CAR PARKING
W07-053,2FFA3,PARK,Existing register,,Unclassified,,,,,Uncertain - no suitable layer candidate,APPROVED,Decision missing; Geometry/association review required,No candidate on an expected CAD layer.,Batches 05–09,8,,PARK,PARK
W07-054,2FFA4,PARK,Existing register,,Unclassified,,,,,Uncertain - no suitable layer candidate,APPROVED,Decision missing; Geometry/association review required,No candidate on an expected CAD layer.,Batches 05–09,8,,PARK,PARK
W07-055,2FFA5,(FUTURE EXTENSION),Existing register,2FF75,Building,BUILDING,LWPOLYLINE,0.0,,Provisional - geometry review required,APPROVED,Decision missing; Geometry/association review required,Candidate selected by expected CAD layer and proximity. Verify feature extent; one feature may span multiple entities.,Batches 05–09,8,,(FUTURE EXTENSION),(FUTURE EXTENSION)
W07-056,2FFBE,"R O A D 60'-0"" W I D E ( R . O . W )",Existing register,,Unclassified,,,,,Uncertain - no suitable layer candidate,APPROVED,Decision missing; Geometry/association review required,No candidate on an expected CAD layer.,Batches 05–09,8,,"R O A D 60'-0"" W I D E ( R . O . W )","R O A D 60'-0"" W I D E ( R . O . W )"
W07-057,3004C,"R O A D 60'-0"" W I D E ( R . O . W )",Existing register,,Unclassified,,,,,Uncertain - no suitable layer candidate,APPROVED,Decision missing; Geometry/association review required,No candidate on an expected CAD layer.,Batches 05–09,8,,"R O A D 60'-0"" W I D E ( R . O . W )","R O A D 60'-0"" W I D E ( R . O . W )"
W07-058,30055,LANDSCAPE,Existing register,,Green Space / Landscape,,,,,Uncertain - no suitable layer candidate,APPROVED,Decision missing; Geometry/association review required,No candidate on an expected CAD layer.,Batches 05–09,8,,LANDSCAPE,LANDSCAPE
W07-059,30056,GARDEN,Existing register,,Green Space / Landscape,,,,,Uncertain - no suitable layer candidate,APPROVED,Decision missing; Geometry/association review required,No candidate on an expected CAD layer.,Batches 05–09,8,,GARDEN,GARDEN
W07-060,30057,LANDSCAPE,Existing register,,Green Space / Landscape,,,,,Uncertain - no suitable layer candidate,APPROVED,Decision missing; Geometry/association review required,No candidate on an expected CAD layer.,Batches 05–09,9,,LANDSCAPE,LANDSCAPE
W07-061,30058,GARDEN,Existing register,,Green Space / Landscape,,,,,Uncertain - no suitable layer candidate,APPROVED,Decision missing; Geometry/association review required,No candidate on an expected CAD layer.,Batches 05–09,9,,GARDEN,GARDEN
W07-062,30A5A,CAR PARKING,Existing register,30922,Parking,PARKING,LINE,111.623,,Provisional - geometry review required,APPROVED,Decision missing; Geometry/association review required,Candidate selected by expected CAD layer and proximity. Verify feature extent; one feature may span multiple entities.,Batches 05–09,9,,CAR PARKING,CAR PARKING
W07-063,32195,BUILDING,Existing register,2FAB6,Building,BUILDING,LWPOLYLINE,1440.78,,Provisional - geometry review required,APPROVED,Decision missing; Geometry/association review required,Candidate selected by expected CAD layer and proximity. Verify feature extent; one feature may span multiple entities.,Batches 05–09,9,,BUILDING,BUILDING
W07-064,32196,BUILDING,Existing register,2FA5F,Building,BUILDING,LWPOLYLINE,2449.941,,Provisional - geometry review required,APPROVED,Decision missing; Geometry/association review required,Candidate selected by expected CAD layer and proximity. Verify feature extent; one feature may span multiple entities.,Batches 05–09,9,,BUILDING,BUILDING
W07-065,2F42F,PLOT BOUNDRY,Existing register,2F0F2,,,,,Accepted,Accepted,APPROVED,,Confirmed,workflow_07_batch_01_final_decisions.csv,,,PLOT BOUNDRY,PLOT BOUNDRY
W07-066,2F431,PLOT BOUNDRY,Existing register,2F0E6,,,,,Accepted,Accepted,APPROVED,,Confirmed,workflow_07_batch_01_final_decisions.csv,,,PLOT BOUNDRY,PLOT BOUNDRY
W07-067,2F433,PLOT BOUNDRY,Existing register,2F0E0,,,,,Accepted,Accepted,APPROVED,,Confirmed,workflow_07_batch_01_final_decisions.csv,,,PLOT BOUNDRY,PLOT BOUNDRY
W07-068,2F435,PLOT BOUNDRY,Existing register,2F0F3,,,,,Accepted,Accepted,APPROVED,,Confirmed,workflow_07_batch_01_final_decisions.csv,,,PLOT BOUNDRY,PLOT BOUNDRY
W07-069,2F437,LANDSCAPE,Existing register,,,,,,Accepted Approximate,Accepted Approximate,APPROVED,,Combined with GARDEN; approximate boundary,workflow_07_batch_01_final_decisions.csv,,,LANDSCAPE,LANDSCAPE
W07-070,2F438,GARDEN,Existing register,,,,,,Accepted Approximate,Accepted Approximate,APPROVED,,Same landscaped feature as LANDSCAPE,workflow_07_batch_01_final_decisions.csv,,,GARDEN,GARDEN
W07-071,2F439,MAIN GATE,Existing register,,,,,,Accepted Approximate,Accepted Approximate,APPROVED,,User confirmed this represents the university entrance gate. Use approximate gate geometry; no detailed tracing required.,workflow_07_batch_01_final_decisions.csv,,,MAIN GATE,MAIN GATE
W07-072,2F43A,FOUNTAIN,Existing register,2F3F5,,,,,Accepted,Accepted,APPROVED,,Confirmed,workflow_07_batch_01_final_decisions.csv,,,FOUNTAIN,FOUNTAIN
W07-073,2F43B,ROAD 60',Existing register,2F3E9,,,,,Accepted,Accepted,APPROVED,,Confirmed,workflow_07_batch_01_final_decisions.csv,,,ROAD 60',ROAD 60'
W07-074,2F43C,ROAD 100',Existing register,,,,,,Accepted Approximate,Accepted Approximate,APPROVED,,Use relevant road segments at the other corners,workflow_07_batch_01_final_decisions.csv,,,ROAD 100',ROAD 100'
