source_filename,pdf_page,category,status,word_count,notes
reducing_urban_heat_islands_ch_1.pdf,1,Urban Heat Island Basics,skipped_front_matter,0,First three PDF pages excluded by configured rule
reducing_urban_heat_islands_ch_1.pdf,2,Urban Heat Island Basics,skipped_front_matter,0,First three PDF pages excluded by configured rule
reducing_urban_heat_islands_ch_1.pdf,3,Urban Heat Island Basics,skipped_front_matter,0,First three PDF pages excluded by configured rule
reducing_urban_heat_islands_ch_1.pdf,4,Urban Heat Island Basics,extracted,323,12 text blocks retained
reducing_urban_heat_islands_ch_1.pdf,5,Urban Heat Island Basics,extracted,394,26 text blocks retained
reducing_urban_heat_islands_ch_1.pdf,6,Urban Heat Island Basics,extracted,259,7 text blocks retained
reducing_urban_heat_islands_ch_1.pdf,7,Urban Heat Island Basics,extracted,218,15 text blocks retained
reducing_urban_heat_islands_ch_1.pdf,8,Urban Heat Island Basics,extracted,301,49 text blocks retained
reducing_urban_heat_islands_ch_1.pdf,9,Urban Heat Island Basics,extracted,538,14 text blocks retained
reducing_urban_heat_islands_ch_1.pdf,10,Urban Heat Island Basics,extracted,241,11 text blocks retained
reducing_urban_heat_islands_ch_1.pdf,11,Urban Heat Island Basics,extracted,285,20 text blocks retained
reducing_urban_heat_islands_ch_1.pdf,12,Urban Heat Island Basics,extracted,352,5 text blocks retained
reducing_urban_heat_islands_ch_1.pdf,13,Urban Heat Island Basics,extracted,443,11 text blocks retained
reducing_urban_heat_islands_ch_1.pdf,14,Urban Heat Island Basics,extracted,226,11 text blocks retained
reducing_urban_heat_islands_ch_1.pdf,15,Urban Heat Island Basics,extracted,470,13 text blocks retained
reducing_urban_heat_islands_ch_1.pdf,16,Urban Heat Island Basics,extracted,429,13 text blocks retained
reducing_urban_heat_islands_ch_1.pdf,17,Urban Heat Island Basics,extracted,339,21 text blocks retained
reducing_urban_heat_islands_ch_1.pdf,18,Urban Heat Island Basics,extracted,455,10 text blocks retained
reducing_urban_heat_islands_ch_1.pdf,19,Urban Heat Island Basics,extracted,305,9 text blocks retained
reducing_urban_heat_islands_ch_1.pdf,20,Urban Heat Island Basics,extracted,376,28 text blocks retained
reducing_urban_heat_islands_ch_1.pdf,21,Urban Heat Island Basics,extracted,478,16 text blocks retained
reducing_urban_heat_islands_ch_1.pdf,22,Urban Heat Island Basics,extracted,207,7 text blocks retained
reducing_urban_heat_islands_ch_2.pdf,1,Trees and Vegetation,skipped_front_matter,0,First three PDF pages excluded by configured rule
reducing_urban_heat_islands_ch_2.pdf,2,Trees and Vegetation,skipped_front_matter,0,First three PDF pages excluded by configured rule
reducing_urban_heat_islands_ch_2.pdf,3,Trees and Vegetation,skipped_front_matter,0,First three PDF pages excluded by configured rule
reducing_urban_heat_islands_ch_2.pdf,4,Trees and Vegetation,extracted,227,11 text blocks retained
reducing_urban_heat_islands_ch_2.pdf,5,Trees and Vegetation,extracted,264,11 text blocks retained
reducing_urban_heat_islands_ch_2.pdf,6,Trees and Vegetation,extracted,462,25 text blocks retained
reducing_urban_heat_islands_ch_2.pdf,7,Trees and Vegetation,extracted,279,14 text blocks retained
reducing_urban_heat_islands_ch_2.pdf,8,Trees and Vegetation,extracted,492,10 text blocks retained
reducing_urban_heat_islands_ch_2.pdf,9,Trees and Vegetation,extracted,541,12 text blocks retained
reducing_urban_heat_islands_ch_2.pdf,10,Trees and Vegetation,extracted,477,15 text blocks retained
reducing_urban_heat_islands_ch_2.pdf,11,Trees and Vegetation,extracted,428,17 text blocks retained
reducing_urban_heat_islands_ch_2.pdf,12,Trees and Vegetation,extracted,453,12 text blocks retained
reducing_urban_heat_islands_ch_2.pdf,13,Trees and Vegetation,extracted,225,19 text blocks retained
reducing_urban_heat_islands_ch_2.pdf,14,Trees and Vegetation,extracted,447,14 text blocks retained
reducing_urban_heat_islands_ch_2.pdf,15,Trees and Vegetation,extracted,381,27 text blocks retained
reducing_urban_heat_islands_ch_2.pdf,16,Trees and Vegetation,extracted,448,16 text blocks retained
reducing_urban_heat_islands_ch_2.pdf,17,Trees and Vegetation,extracted,383,20 text blocks retained
reducing_urban_heat_islands_ch_2.pdf,18,Trees and Vegetation,extracted,312,16 text blocks retained
reducing_urban_heat_islands_ch_2.pdf,19,Trees and Vegetation,extracted,397,14 text blocks retained
reducing_urban_heat_islands_ch_2.pdf,20,Trees and Vegetation,extracted,274,9 text blocks retained
reducing_urban_heat_islands_ch_2.pdf,21,Trees and Vegetation,extracted,188,10 text blocks retained
reducing_urban_heat_islands_ch_2.pdf,22,Trees and Vegetation,extracted,127,6 text blocks retained
reducing_urban_heat_islands_ch_2.pdf,23,Trees and Vegetation,extracted,230,25 text blocks retained
reducing_urban_heat_islands_ch_2.pdf,24,Trees and Vegetation,extracted,310,17 text blocks retained
reducing_urban_heat_islands_ch_2.pdf,25,Trees and Vegetation,extracted,315,21 text blocks retained
reducing_urban_heat_islands_ch_2.pdf,26,Trees and Vegetation,extracted,155,11 text blocks retained
reducing_urban_heat_islands_ch_2.pdf,27,Trees and Vegetation,extracted,298,19 text blocks retained
reducing_urban_heat_islands_ch_2.pdf,28,Trees and Vegetation,extracted,140,13 text blocks retained
reducing_urban_heat_islands_ch_2.pdf,29,Trees and Vegetation,extracted,476,14 text blocks retained
reducing_urban_heat_islands_ch_2.pdf,30,Trees and Vegetation,extracted,515,19 text blocks retained
reducing_urban_heat_islands_ch_2.pdf,31,Trees and Vegetation,extracted,510,18 text blocks retained
reducing_urban_heat_islands_ch_2.pdf,32,Trees and Vegetation,extracted,319,14 text blocks retained
reducing_urban_heat_islands_ch_3.pdf,1,Green Roofs,skipped_front_matter,0,First three PDF pages excluded by configured rule
reducing_urban_heat_islands_ch_3.pdf,2,Green Roofs,skipped_front_matter,0,First three PDF pages excluded by configured rule
reducing_urban_heat_islands_ch_3.pdf,3,Green Roofs,skipped_front_matter,0,First three PDF pages excluded by configured rule
reducing_urban_heat_islands_ch_3.pdf,4,Green Roofs,extracted,287,16 text blocks retained
reducing_urban_heat_islands_ch_3.pdf,5,Green Roofs,extracted,413,11 text blocks retained
reducing_urban_heat_islands_ch_3.pdf,6,Green Roofs,extracted,478,14 text blocks retained
reducing_urban_heat_islands_ch_3.pdf,7,Green Roofs,extracted,411,12 text blocks retained
reducing_urban_heat_islands_ch_3.pdf,8,Green Roofs,extracted,377,16 text blocks retained
reducing_urban_heat_islands_ch_3.pdf,9,Green Roofs,extracted,459,11 text blocks retained
reducing_urban_heat_islands_ch_3.pdf,10,Green Roofs,extracted,381,11 text blocks retained
reducing_urban_heat_islands_ch_3.pdf,11,Green Roofs,extracted,502,11 text blocks retained
reducing_urban_heat_islands_ch_3.pdf,12,Green Roofs,extracted,520,10 text blocks retained
reducing_urban_heat_islands_ch_3.pdf,13,Green Roofs,extracted,546,11 text blocks retained
reducing_urban_heat_islands_ch_3.pdf,14,Green Roofs,extracted,390,18 text blocks retained
reducing_urban_heat_islands_ch_3.pdf,15,Green Roofs,extracted,292,8 text blocks retained
reducing_urban_heat_islands_ch_3.pdf,16,Green Roofs,extracted,395,10 text blocks retained
reducing_urban_heat_islands_ch_3.pdf,17,Green Roofs,extracted,312,12 text blocks retained
reducing_urban_heat_islands_ch_3.pdf,18,Green Roofs,extracted,339,11 text blocks retained
reducing_urban_heat_islands_ch_3.pdf,19,Green Roofs,extracted,511,11 text blocks retained
reducing_urban_heat_islands_ch_3.pdf,20,Green Roofs,extracted,410,19 text blocks retained
reducing_urban_heat_islands_ch_3.pdf,21,Green Roofs,extracted,423,15 text blocks retained
reducing_urban_heat_islands_ch_3.pdf,22,Green Roofs,extracted,250,7 text blocks retained
reducing_urban_heat_islands_ch_3.pdf,23,Green Roofs,extracted,270,13 text blocks retained
reducing_urban_heat_islands_ch_3.pdf,24,Green Roofs,extracted,190,10 text blocks retained
reducing_urban_heat_islands_ch_3.pdf,25,Green Roofs,extracted,244,25 text blocks retained
reducing_urban_heat_islands_ch_3.pdf,26,Green Roofs,extracted,441,20 text blocks retained
reducing_urban_heat_islands_ch_3.pdf,27,Green Roofs,extracted,536,17 text blocks retained
reducing_urban_heat_islands_ch_3.pdf,28,Green Roofs,extracted,483,18 text blocks retained
reducing_urban_heat_islands_ch_3.pdf,29,Green Roofs,extracted,119,7 text blocks retained
reducing_urban_heat_islands_ch_4.pdf,1,Cool Roofs,skipped_front_matter,0,First three PDF pages excluded by configured rule
reducing_urban_heat_islands_ch_4.pdf,2,Cool Roofs,skipped_front_matter,0,First three PDF pages excluded by configured rule
reducing_urban_heat_islands_ch_4.pdf,3,Cool Roofs,skipped_front_matter,0,First three PDF pages excluded by configured rule
reducing_urban_heat_islands_ch_4.pdf,4,Cool Roofs,extracted,307,19 text blocks retained
reducing_urban_heat_islands_ch_4.pdf,5,Cool Roofs,extracted,322,21 text blocks retained
reducing_urban_heat_islands_ch_4.pdf,6,Cool Roofs,extracted,360,9 text blocks retained
reducing_urban_heat_islands_ch_4.pdf,7,Cool Roofs,extracted,321,23 text blocks retained
reducing_urban_heat_islands_ch_4.pdf,8,Cool Roofs,extracted,365,14 text blocks retained
reducing_urban_heat_islands_ch_4.pdf,9,Cool Roofs,extracted,418,18 text blocks retained
reducing_urban_heat_islands_ch_4.pdf,10,Cool Roofs,extracted,381,11 text blocks retained
reducing_urban_heat_islands_ch_4.pdf,11,Cool Roofs,extracted,535,11 text blocks retained
reducing_urban_heat_islands_ch_4.pdf,12,Cool Roofs,extracted,413,37 text blocks retained
reducing_urban_heat_islands_ch_4.pdf,13,Cool Roofs,extracted,502,9 text blocks retained
reducing_urban_heat_islands_ch_4.pdf,14,Cool Roofs,extracted,307,33 text blocks retained
reducing_urban_heat_islands_ch_4.pdf,15,Cool Roofs,extracted,532,12 text blocks retained
reducing_urban_heat_islands_ch_4.pdf,16,Cool Roofs,extracted,253,52 text blocks retained
reducing_urban_heat_islands_ch_4.pdf,17,Cool Roofs,extracted,366,19 text blocks retained
reducing_urban_heat_islands_ch_4.pdf,18,Cool Roofs,extracted,163,13 text blocks retained
reducing_urban_heat_islands_ch_4.pdf,19,Cool Roofs,extracted,417,32 text blocks retained
reducing_urban_heat_islands_ch_4.pdf,20,Cool Roofs,extracted,390,9 text blocks retained
reducing_urban_heat_islands_ch_4.pdf,21,Cool Roofs,extracted,477,16 text blocks retained
reducing_urban_heat_islands_ch_4.pdf,22,Cool Roofs,extracted,412,11 text blocks retained
reducing_urban_heat_islands_ch_4.pdf,23,Cool Roofs,extracted,489,17 text blocks retained
reducing_urban_heat_islands_ch_4.pdf,24,Cool Roofs,extracted,543,8 text blocks retained
reducing_urban_heat_islands_ch_4.pdf,25,Cool Roofs,extracted,417,11 text blocks retained
reducing_urban_heat_islands_ch_4.pdf,26,Cool Roofs,extracted,295,20 text blocks retained
reducing_urban_heat_islands_ch_4.pdf,27,Cool Roofs,extracted,398,12 text blocks retained
reducing_urban_heat_islands_ch_4.pdf,28,Cool Roofs,extracted,250,18 text blocks retained
reducing_urban_heat_islands_ch_4.pdf,29,Cool Roofs,extracted,463,20 text blocks retained
reducing_urban_heat_islands_ch_4.pdf,30,Cool Roofs,extracted,485,18 text blocks retained
reducing_urban_heat_islands_ch_4.pdf,31,Cool Roofs,extracted,396,17 text blocks retained
reducing_urban_heat_islands_ch_5.pdf,1,Cool Pavements,skipped_front_matter,0,First three PDF pages excluded by configured rule
reducing_urban_heat_islands_ch_5.pdf,2,Cool Pavements,skipped_front_matter,0,First three PDF pages excluded by configured rule
reducing_urban_heat_islands_ch_5.pdf,3,Cool Pavements,skipped_front_matter,0,First three PDF pages excluded by configured rule
reducing_urban_heat_islands_ch_5.pdf,4,Cool Pavements,extracted,309,11 text blocks retained
reducing_urban_heat_islands_ch_5.pdf,5,Cool Pavements,extracted,301,20 text blocks retained
reducing_urban_heat_islands_ch_5.pdf,6,Cool Pavements,extracted,386,9 text blocks retained
reducing_urban_heat_islands_ch_5.pdf,7,Cool Pavements,extracted,302,21 text blocks retained
reducing_urban_heat_islands_ch_5.pdf,8,Cool Pavements,extracted,519,14 text blocks retained
reducing_urban_heat_islands_ch_5.pdf,9,Cool Pavements,extracted,228,6 text blocks retained
reducing_urban_heat_islands_ch_5.pdf,10,Cool Pavements,extracted,344,18 text blocks retained
reducing_urban_heat_islands_ch_5.pdf,11,Cool Pavements,extracted,357,9 text blocks retained
reducing_urban_heat_islands_ch_5.pdf,12,Cool Pavements,extracted,479,9 text blocks retained
reducing_urban_heat_islands_ch_5.pdf,13,Cool Pavements,extracted,552,14 text blocks retained
reducing_urban_heat_islands_ch_5.pdf,14,Cool Pavements,extracted,230,8 text blocks retained
reducing_urban_heat_islands_ch_5.pdf,15,Cool Pavements,extracted,448,29 text blocks retained
reducing_urban_heat_islands_ch_5.pdf,16,Cool Pavements,extracted,490,26 text blocks retained
reducing_urban_heat_islands_ch_5.pdf,17,Cool Pavements,extracted,160,5 text blocks retained
reducing_urban_heat_islands_ch_5.pdf,18,Cool Pavements,extracted,280,95 text blocks retained
reducing_urban_heat_islands_ch_5.pdf,19,Cool Pavements,extracted,260,73 text blocks retained
reducing_urban_heat_islands_ch_5.pdf,20,Cool Pavements,extracted,304,79 text blocks retained
reducing_urban_heat_islands_ch_5.pdf,21,Cool Pavements,extracted,348,122 text blocks retained
reducing_urban_heat_islands_ch_5.pdf,22,Cool Pavements,extracted,250,91 text blocks retained
reducing_urban_heat_islands_ch_5.pdf,23,Cool Pavements,extracted,247,71 text blocks retained
reducing_urban_heat_islands_ch_5.pdf,24,Cool Pavements,extracted,252,71 text blocks retained
reducing_urban_heat_islands_ch_5.pdf,25,Cool Pavements,extracted,232,64 text blocks retained
reducing_urban_heat_islands_ch_5.pdf,26,Cool Pavements,extracted,468,15 text blocks retained
reducing_urban_heat_islands_ch_5.pdf,27,Cool Pavements,extracted,454,15 text blocks retained
reducing_urban_heat_islands_ch_5.pdf,28,Cool Pavements,extracted,306,44 text blocks retained
reducing_urban_heat_islands_ch_5.pdf,29,Cool Pavements,extracted,403,8 text blocks retained
reducing_urban_heat_islands_ch_5.pdf,30,Cool Pavements,extracted,423,18 text blocks retained
reducing_urban_heat_islands_ch_5.pdf,31,Cool Pavements,extracted,250,7 text blocks retained
reducing_urban_heat_islands_ch_5.pdf,32,Cool Pavements,extracted,332,17 text blocks retained
reducing_urban_heat_islands_ch_5.pdf,33,Cool Pavements,extracted,274,16 text blocks retained
reducing_urban_heat_islands_ch_5.pdf,34,Cool Pavements,extracted,290,34 text blocks retained
reducing_urban_heat_islands_ch_5.pdf,35,Cool Pavements,extracted,452,15 text blocks retained
reducing_urban_heat_islands_ch_5.pdf,36,Cool Pavements,extracted,454,18 text blocks retained
reducing_urban_heat_islands_ch_5.pdf,37,Cool Pavements,extracted,518,14 text blocks retained
reducing_urban_heat_islands_ch_5.pdf,38,Cool Pavements,extracted,457,17 text blocks retained
reducing_urban_heat_islands_ch_5.pdf,39,Cool Pavements,extracted,445,11 text blocks retained
reducing_urban_heat_islands_ch_5.pdf,40,Cool Pavements,extracted,229,12 text blocks retained
