registry_record_id,label_handle,registry_label_text,candidate_handle,feature_type,candidate_layer,candidate_entity_type,distance_drawing_units,decision_status,review_reason,notes,batch_number
W07-021,2F917,CAR PARKING,2F8FC,Car Parking,PARKING,LINE,96.18,Provisional - geometry review required,Decision missing; Geometry/association review required,Parking feature; verify extent against the CAD plan.,
W07-022,2F918,CAR PARKING,309EC,Car Parking,PARKING,LINE,111.624,Provisional - geometry review required,Decision missing; Geometry/association review required,Parking feature; verify extent against the CAD plan.,
W07-023,2F919,BUS PARKING,2F59C,Bus Parking,PARKING,LWPOLYLINE,485.849,Provisional - geometry review required,Decision missing; Geometry/association review required,Parking feature; verify extent against the CAD plan.,
W07-024,2F988,LANDSCAPE,,Green Space / Landscape,,,,Uncertain - no suitable layer candidate,Decision missing; Geometry/association review required,No candidate on an expected CAD layer.,5.0
W07-025,2F989,GARDEN,,Green Space / Landscape,,,,Uncertain - no suitable layer candidate,Decision missing; Geometry/association review required,No candidate on an expected CAD layer.,5.0
W07-026,2F98A,LANDSCAPE,,Green Space / Landscape,,,,Uncertain - no suitable layer candidate,Decision missing; Geometry/association review required,No candidate on an expected CAD layer.,5.0
W07-027,2F98B,GARDEN,,Green Space / Landscape,,,,Uncertain - no suitable layer candidate,Decision missing; Geometry/association review required,No candidate on an expected CAD layer.,5.0
W07-028,2F995,"F O O T P A T H 20'-0"" W I D E",,Unclassified,,,,Uncertain - no suitable layer candidate,Decision missing; Geometry/association review required,No candidate on an expected CAD layer.,5.0
W07-029,2F996,"F O O T P A T H 20'-0"" W I D E",,Unclassified,,,,Uncertain - no suitable layer candidate,Decision missing; Geometry/association review required,No candidate on an expected CAD layer.,5.0
W07-030,2F997,"F O O T P A T H 20'-0"" W I D E",,Unclassified,,,,Uncertain - no suitable layer candidate,Decision missing; Geometry/association review required,No candidate on an expected CAD layer.,5.0
W07-031,2F998,"F O O T P A T H 20'-0"" W I D E",,Unclassified,,,,Uncertain - no suitable layer candidate,Decision missing; Geometry/association review required,No candidate on an expected CAD layer.,6.0
W07-032,2F999,"F O O T P A T H 20'-0"" W I D E",,Unclassified,,,,Uncertain - no suitable layer candidate,Decision missing; Geometry/association review required,No candidate on an expected CAD layer.,6.0
W07-033,2FB44,CAR PARKING,2FB3B,Parking,PARKING,LINE,295.535,Provisional - geometry review required,Decision missing; Geometry/association review required,Candidate selected by expected CAD layer and proximity. Verify feature extent; one feature may span multiple entities.,6.0
W07-034,2FC75,CAR PARKING,2FC73,Parking,PARKING,LINE,16.914,Provisional - geometry review required,Decision missing; Geometry/association review required,Candidate selected by expected CAD layer and proximity. Verify feature extent; one feature may span multiple entities.,6.0
W07-035,2FC85,CAR PARKING,2FC7B,Parking,PARKING,LINE,15.981,Provisional - geometry review required,Decision missing; Geometry/association review required,Candidate selected by expected CAD layer and proximity. Verify feature extent; one feature may span multiple entities.,6.0
W07-036,2FD29,CAR PARKING,2FD20,Parking,PARKING,LINE,295.535,Provisional - geometry review required,Decision missing; Geometry/association review required,Candidate selected by expected CAD layer and proximity. Verify feature extent; one feature may span multiple entities.,6.0
W07-037,2FD31,"F O O T P A T H 20'-0"" W I D E",,Unclassified,,,,Uncertain - no suitable layer candidate,Decision missing; Geometry/association review required,No candidate on an expected CAD layer.,6.0
W07-038,2FD35,"F O O T P A T H 20'-0"" W I D E",,Unclassified,,,,Uncertain - no suitable layer candidate,Decision missing; Geometry/association review required,No candidate on an expected CAD layer.,6.0
W07-039,2FD45,CAR PARKING,2FD43,Parking,PARKING,LINE,16.191,Provisional - geometry review required,Decision missing; Geometry/association review required,Candidate selected by expected CAD layer and proximity. Verify feature extent; one feature may span multiple entities.,6.0
W07-040,2FD55,CAR PARKING,2FD53,Parking,PARKING,LINE,16.191,Provisional - geometry review required,Decision missing; Geometry/association review required,Candidate selected by expected CAD layer and proximity. Verify feature extent; one feature may span multiple entities.,6.0
W07-041,2FD81,CAR PARKING,2FD7B,Parking,PARKING,LINE,16.914,Provisional - geometry review required,Decision missing; Geometry/association review required,Candidate selected by expected CAD layer and proximity. Verify feature extent; one feature may span multiple entities.,7.0
W07-042,2FD8E,"R O A D 60'-0"" W I D E ( R . O . W )",,Unclassified,,,,Uncertain - no suitable layer candidate,Decision missing; Geometry/association review required,No candidate on an expected CAD layer.,7.0
W07-043,2FEB3,CAR PARKING,2FEB1,Parking,PARKING,LINE,87.139,Provisional - geometry review required,Decision missing; Geometry/association review required,Candidate selected by expected CAD layer and proximity. Verify feature extent; one feature may span multiple entities.,7.0
W07-044,2FEC3,CAR PARKING,2FEC1,Parking,PARKING,LINE,87.139,Provisional - geometry review required,Decision missing; Geometry/association review required,Candidate selected by expected CAD layer and proximity. Verify feature extent; one feature may span multiple entities.,7.0
W07-045,2FED3,CAR PARKING,2FED1,Parking,PARKING,LINE,16.191,Provisional - geometry review required,Decision missing; Geometry/association review required,Candidate selected by expected CAD layer and proximity. Verify feature extent; one feature may span multiple entities.,7.0
W07-046,2FEE3,CAR PARKING,2FEE1,Parking,PARKING,LINE,16.191,Provisional - geometry review required,Decision missing; Geometry/association review required,Candidate selected by expected CAD layer and proximity. Verify feature extent; one feature may span multiple entities.,7.0
W07-047,2FF0C,CAR PARKING,2FF0A,Parking,PARKING,LINE,16.191,Provisional - geometry review required,Decision missing; Geometry/association review required,Candidate selected by expected CAD layer and proximity. Verify feature extent; one feature may span multiple entities.,7.0
W07-048,2FF1C,CAR PARKING,2FF1A,Parking,PARKING,LINE,16.191,Provisional - geometry review required,Decision missing; Geometry/association review required,Candidate selected by expected CAD layer and proximity. Verify feature extent; one feature may span multiple entities.,7.0
W07-049,2FF46,CAR PARKING,2FF44,Parking,PARKING,LINE,87.139,Provisional - geometry review required,Decision missing; Geometry/association review required,Candidate selected by expected CAD layer and proximity. Verify feature extent; one feature may span multiple entities.,7.0
W07-050,2FF56,CAR PARKING,2FF54,Parking,PARKING,LINE,87.139,Provisional - geometry review required,Decision missing; Geometry/association review required,Candidate selected by expected CAD layer and proximity. Verify feature extent; one feature may span multiple entities.,8.0
W07-051,2FF57,"F O O T P A T H 20'-0"" W I D E",,Unclassified,,,,Uncertain - no suitable layer candidate,Decision missing; Geometry/association review required,No candidate on an expected CAD layer.,8.0
W07-052,2FF97,CAR PARKING,2FF96,Parking,PARKING,LINE,242.13,Provisional - geometry review required,Decision missing; Geometry/association review required,Candidate selected by expected CAD layer and proximity. Verify feature extent; one feature may span multiple entities.,8.0
W07-053,2FFA3,PARK,,Unclassified,,,,Uncertain - no suitable layer candidate,Decision missing; Geometry/association review required,No candidate on an expected CAD layer.,8.0
W07-054,2FFA4,PARK,,Unclassified,,,,Uncertain - no suitable layer candidate,Decision missing; Geometry/association review required,No candidate on an expected CAD layer.,8.0
W07-055,2FFA5,(FUTURE EXTENSION),2FF75,Building,BUILDING,LWPOLYLINE,0.0,Provisional - geometry review required,Decision missing; Geometry/association review required,Candidate selected by expected CAD layer and proximity. Verify feature extent; one feature may span multiple entities.,8.0
W07-056,2FFBE,"R O A D 60'-0"" W I D E ( R . O . W )",,Unclassified,,,,Uncertain - no suitable layer candidate,Decision missing; Geometry/association review required,No candidate on an expected CAD layer.,8.0
W07-057,3004C,"R O A D 60'-0"" W I D E ( R . O . W )",,Unclassified,,,,Uncertain - no suitable layer candidate,Decision missing; Geometry/association review required,No candidate on an expected CAD layer.,8.0
W07-058,30055,LANDSCAPE,,Green Space / Landscape,,,,Uncertain - no suitable layer candidate,Decision missing; Geometry/association review required,No candidate on an expected CAD layer.,8.0
W07-059,30056,GARDEN,,Green Space / Landscape,,,,Uncertain - no suitable layer candidate,Decision missing; Geometry/association review required,No candidate on an expected CAD layer.,8.0
W07-060,30057,LANDSCAPE,,Green Space / Landscape,,,,Uncertain - no suitable layer candidate,Decision missing; Geometry/association review required,No candidate on an expected CAD layer.,9.0
W07-061,30058,GARDEN,,Green Space / Landscape,,,,Uncertain - no suitable layer candidate,Decision missing; Geometry/association review required,No candidate on an expected CAD layer.,9.0
W07-062,30A5A,CAR PARKING,30922,Parking,PARKING,LINE,111.623,Provisional - geometry review required,Decision missing; Geometry/association review required,Candidate selected by expected CAD layer and proximity. Verify feature extent; one feature may span multiple entities.,9.0
W07-063,32195,BUILDING,2FAB6,Building,BUILDING,LWPOLYLINE,1440.78,Provisional - geometry review required,Decision missing; Geometry/association review required,Candidate selected by expected CAD layer and proximity. Verify feature extent; one feature may span multiple entities.,9.0
W07-064,32196,BUILDING,2FA5F,Building,BUILDING,LWPOLYLINE,2449.941,Provisional - geometry review required,Decision missing; Geometry/association review required,Candidate selected by expected CAD layer and proximity. Verify feature extent; one feature may span multiple entities.,9.0
